Id	Code	PD code	Accepted name	Genus8	ABI	Abies	Abies spp.	Abies1	ABIALB	Abies_alba	Abies albaÊMill.	Abies469	ABIBOR	Abies_nordmanniana_bornmuelleriana	Abies nordmanniana Spach subsp. bornmuelleriana (Mattf.) Coode & Cullen	Abies388	ABICEP	Abies_cephalonica	Abies cephalonica Loudon	Abies2	ABICON	Abies_concolor	Abies concolor (Gordon) Lindl. ex Hildebr.	Abies3	ABIGRA	Abies_grandis	Abies grandis (D.Don) Lindl.	Abies5	ABINOR	Abies_nordmanniana	Abies nordmanniana (Steven) Spach	Abies6	ABIPIN	Abies_pinsapo	Abies pinsapoÊBoiss.	Abies7	ABIPRO	Abies_procera	Abies proceraÊRehder	Abies9	ABIVEI	Abies_veitchii	Abies veitchii Lindl.	Abies12	ACA	Acacia	Acacia spp.	Acacia10	ACADEA	Acacia_dealbata	Acacia dealbata Link	Acacia11	ACAMEL	Acacia_melanoxylon	Acacia melanoxylon R.Br.	Acacia14	ACECAM	Acer_campestre	Acer campestreÊL.	Acer15	ACEMON	Acer_monspessulanum	Acer monspessulanum L.	Acer16	ACENEG	Acer_negundo	Acer negundoÊL.	Acer17	ACEOPA	Acer_opalus	Acer opalus Mill.	Acer18	ACEPLA	Acer_platanoides	Acer platanoides L.	Acer19	ACEPSE	Acer_pseudoplatanus	Acer pseudoplatanus L.	Acer389	ACETAT	Acer_tataricum	Acer tataricum L.	Acer24	AESHIP	Aesculus_hippocastanum	Aesculus hippocastanumÊL.	Aesculus25	AILALT	Ailanthus_altissima	Ailanthus altissimaÊ(Mill.) Swingle	Ailanthus26	ALN	Alnus	Alnus spp.	Alnus450	ALNCOR	Alnus_cordata	Alnus cordataÊ(Loisel.) Loisel.	Alnus27	ALNGLU	Alnus_glutinosa	Alnus glutinosaÊ(L.) Gaertn.	Alnus28	ALNINC	Alnus_incana	Alnus incanaÊ(L.) Moench	Alnus29	ALNVIR	Alnus_viridis	Alnus viridisÊ(Chaix) DC.	Alnus33	APOBAR	Apollonias_barbujana	Apollonias barbujana (Cav.) A.Br.	Apollonias34	ARBCAN	Arbutus_canariensis	Arbutus canariensis Veill.	Arbutus35	ARBUNE	Arbutus_unedo	Arbutus unedoÊL.	Arbutus48	BET	Betula	Betula spp.	Betula46	BETPEN	Betula_pendula	Betula pendulaÊRoth	Betula47	BETPUB	Betula_pubescens	Betula pubescensÊEhrh.	Betula506	BUX	Buxus	Buxus	Buxus54	BUXSEM	Buxus_sempervirens	Buxus sempervirensÊL.	Buxus57	CARBET	Carpinus_betulus	Carpinus betulus L.	Carpinus393	CARORI	Carpinus_orientalis	Carpinus orientalis?Mill.	Carpinus58	CASSAT	Castanea_sativa	Castanea sativa Mill.	Castanea59	CEDATL	Cedrus_atlantica	Cedrus atlantica (Endl.) Carrière	Cedrus60	CEDDEO	Cedrus_deodara	Cedrus deodara (D.Don) G.Don	Cedrus61	CEDLIB	Cedrus_libani	Cedrus libani A.Rich.	Cedrus507	CEL	Celtis	Celtis	Celtis62	CELAUS	Celtis_australis	Celtis australis L.	Celtis394	CERCSIL	Cercis_siliquastrum	Cercis siliquastrum?L.	Cercis63	CERSIL	Ceratonia_siliqua	Ceratonia siliqua L.	Ceratonia64	CHALAW	Chamaecyparis_lawsoniana	Chamaecyparis lawsoniana (A.Murray bis) Parl.	Chamaecyparis508	CIT	Citrus	Citrus	Citrus91	CORAVE	Corylus_avellana	Corylus avellana L.	Corylus92	CORCOL	Corylus_colurna	Corylus colurna L.	Corylus396	CORMAS	Cornus_mas	Cornus mas L.	Cornus85	CORSAN	Cornus_sanguinea	Cornus sanguinea L.	Cornus98	CRA	Crataegus	Crataegus spp.	Crataegus94	CRAAZA	Crataegus_azarolus	Crataegus azarolus L.	Crataegus95	CRALAC	Crataegus_laciniata	Crataegus laciniata Ucria	Crataegus96	CRALAE	Crataegus_laevigata	Crataegus laevigata DC.	Crataegus97	CRAMON	Crataegus_monogyna	Crataegus monogyna Jacq.	Crataegus451	CRYJAP	Cryptomeria_japonica	Cryptomeria japonicaÊ(L.f.) D.Don	Cryptomeria99	CUPARI	Cupressus_arizonica	Cupressus arizonica Greene	Cupressus100	CUPLUS	Cupressus_lusitanica	Cupressus lusitanica Mill.	Cupressus101	CUPMAC	Cupressus_macrocarpa	Cupressus macrocarpa Hartw.	Cupressus102	CUPSEM	Cupressus_sempervirens	Cupressus sempervirensÊL.	Cupressus398	CYDOBL	Cydonia_oblonga	Cydonia oblonga?Mill.	Cydonia399	ELAANG	Elaeagnus_angustifolia	Elaeagnus angustifolia?L.	Elaeagnus120	ERIARB	Erica_arborea	Erica arborea L.	Erica124	ERISCO	Erica_scoparia	Erica scoparia L.	Erica504	EUC	Eucalyptus	Eucalyptus	Eucalyptus129	EUCCAM	Eucalyptus_camaldulensis	Eucalyptus camaldulensis Dehnh.	Eucalyptus130	EUCGLO	Eucalyptus_globulus	Eucalyptus globulus Labill.	Eucalyptus131	EUCGOM	Eucalyptus_gomphocephalus	Eucalyptus gomphocephalus DC.	Eucalyptus132	EUCNIT	Eucalyptus_nitens	Eucalyptus nitens (H.Deane & Maiden) Maiden	Eucalyptus133	EUCVIM	Eucalyptus_viminalis	Eucalyptus viminalis Labill.	Eucalyptus134	EUOEUR	Euonymus_europaeus	Euonymus europaeus L.	Euonymus139	FAGSYL	Fagus_sylvatica	Fagus sylvatica L.	Fagus402	FAGSYLORI	Fagus_sylvatica_orientalis	Fagus sylvatica?L. subsp.?orientalis?(Lipsky) Greuter & Burdet	Fagus140	FICCAR	Ficus_carica	Ficus carica L.	Ficus141	FRAALN	Frangula_alnus	Frangula alnusÊMill.	Frangula142	FRAAME	Fraxinus_americana	Fraxinus americana L.	Fraxinus143	FRAANG	Fraxinus_angustifolia	Fraxinus angustifoliaÊVahl	Fraxinus144	FRAEXC	Fraxinus_excelsior	Fraxinus excelsior L.	Fraxinus145	FRAORN	Fraxinus_ornus	Fraxinus ornus L.	Fraxinus452	FRAOXY	Fraxinus_angustifolia_oxycarpa	Fraxinus angustifoliaÊVahl subsp.ÊoxycarpaÊ(M.Bieb. ex Willd.) Franco & Rocha Afonso	Fraxinus405	FRAPEN	Fraxinus_pennsylvanica	Fraxinus pennsylvanica?Marshall	Fraxinus154	GLETRI	Gleditsia_triacanthos	Gleditsia triacanthos L.	Gleditsia158	HEBBAH	Heberdenia_bahamensis	Heberdenia bahamensis (Gaertn.) Sprague	Heberdenia165	ILEAQU	Ilex_aquifolium	Ilex aquifolium L.	Ilex166	ILECAN	Ilex_canariensis	Ilex canariensis Poir.	Ilex167	ILEPLA	Ilex_platyphylla	Ilex platyphylla Webb  & Berthel.	Ilex408	JUGCIN	Juglans_cinerea	Juglans cinerea?L.	Juglans169	JUGNIG	Juglans_nigra	Juglans nigraÊL.	Juglans170	JUGREG	Juglans_regia	Juglans regia L.	Juglans381	JUN	Juniperus	Juniperus spp.	Juniperus171	JUNCED	Juniperus_cedrus	Juniperus cedrus Webb & Berthel.	Juniperus172	JUNCOM	Juniperus_communis	Juniperus communis L.	Juniperus173	JUNOXY	Juniperus_oxycedrus	Juniperus oxycedrus L.	Juniperus174	JUNPHO	Juniperus_phoenicea	Juniperus phoenicea L.	Juniperus176	JUNTHU	Juniperus_thurifera	Juniperus thurifera L.	Juniperus177	JUNTUR	Juniperus_phoenicea_turbinata	Juniperus phoenicea L. subsp. turbinata (Guss.) Nyman	Juniperus498	LABALP	Laburnum_alpinum	Laburnum alpinum (Mill.) Bercht. & J.Presl	Laburnum410	LABANA	Laburnum_anagyroides	Laburnum anagyroides?Medik.	Laburnum181	LAR	Larix	Larix spp.	Larix179	LARDEC	Larix_decidua	Larix decidua Mill.	Larix180	LARKAE	Larix_kaempferi	Larix kaempferi (Lamb.) Carrière sec. Franco	Larix183	LAUAZO	Laurus_azorica	Laurus azorica (Seub.) Franco	Laurus184	LAUNOB	Laurus_nobilis	Laurus nobilis L.	Laurus453	LIQSTY	Liquidambar_styraciflua	LiquidambarÊstyracifluaÊL.	Liquidambar411	LIRTUL	Liriodendron_tulipifera	Liriodendron tulipifera?L.	Liriodendron197	MALSYL	Malus_sylvestris	Malus sylvestris Mill.	Malus202	MOR	Morus	Morus spp.	Morus200	MORALB	Morus_alba	Morus albaÊL.	Morus201	MORNIG	Morus_nigra	Morus nigraÊL.	Morus205	MYRCOM	Myrtus_communis	Myrtus communis L.	Myrtus203	MYRFAY	Myrica_faya	Myrica faya Aiton	Myrica207	OCOFOE	Ocotea_foetens	Ocotea foetens (Aiton) Benth. & Hook.	Ocotea208	OLEEUR	Olea_europaea	Olea europaea L.	Olea473	OSTCAR	Ostrya_carpinifolia	Ostrya carpinifoliaÊScop.	Ostrya213	PERIND	Persea_indica	Persea indica (L.) Spreng.	Persea215	PHILAT	Phillyrea_latifolia	Phillyrea latifolia L.	Phillyrea220	PHO	Phoenix	Phoenix spp.	Phoenix219	PHOCAN	Phoenix_canariensis	Phoenix canariensis hort. ex Chabaud	Phoenix222	PIC	Picea	Picea spp.	Picea223	PICABI	Picea_abies	Picea abies (L.) H.Karst.	Picea221	PICEXC	Picconia_excelsa	Picconia excelsa (Aiton) DC.	Picconia454	PICEXCE	Picea_abies_abies	Picea abiesÊ(L.) H.Karst. subsp.Êabies	Picea227	PICOMO	Picea_omorika	Picea omorika (Panc$Kic$A) Purk.	Picea228	PICPUN	Picea_pungens	Picea pungens Engelm.	Picea229	PICSIT	Picea_sitchensis	Picea sitchensisÊ(Bong.) Carrière	Picea230	PIN	Pinus	Pinus spp.	Pinus490	PINBRU	Pinus_halepensis_brutia	Pinus halepensisÊMill. subsp.ÊbrutiaÊ(Ten.) Holmboe	Pinus231	PINCAN	Pinus_canariensis	Pinus canariensis Sweet ex Spreng.	Pinus232	PINCEM	Pinus_cembra	Pinus cembra L.	Pinus233	PINCON	Pinus_contorta	Pinus contortaÊDouglas ex Loudon	Pinus234	PINHAL	Pinus_halepensis	Pinus halepensisÊMill.	Pinus455	PINLAR	Pinus_nigra_laricio	Pinus nigraÊJ.F.Arnold subsp.ÊlaricioÊ(Poir.) Maire	Pinus235	PINMUG	Pinus_mugo	Pinus mugo Turra	Pinus236	PINNIG	Pinus_nigra	Pinus nigraÊJ.F.Arnold	Pinus456	PINNIGR	Pinus_nigra_nigra	Pinus nigraÊJ.F.Arnold subsp.Ênigra	Pinus237	PINPEU	Pinus_peuce	Pinus peuceÊGriseb.	Pinus239	PINPIN	Pinus_pinea	Pinus pineaÊL.	Pinus238	PINPINA	Pinus_pinaster	Pinus pinasterÊAiton	Pinus240	PINPON	Pinus_ponderosa	Pinus ponderosaÊDouglas ex P.Lawson & C.Lawson	Pinus241	PINRAD	Pinus_radiata	Pinus radiataÊD.Don	Pinus242	PINSTR	Pinus_strobus	Pinus strobus L.	Pinus243	PINSYL	Pinus_sylvestris	Pinus sylvestrisÊL.	Pinus520	PINTAE	Pinus_taeda	Pinus taeda L.	Pinus244	PINUNC	Pinus_uncinata	Pinus uncinataÊMill. ex Mirb.	Pinus245	PISATL	Pistacia_atlantica	Pistacia atlantica Desf.	Pistacia246	PISLEN	Pistacia_lentiscus	Pistacia lentiscus L.	Pistacia247	PISTER	Pistacia_terebinthus	Pistacia terebinthus L.	Pistacia457	PLAACE	Platanus_acerifolia	Platanus acerifoliaÊ(Aiton) Willd.	Platanus248	PLAHIS	Platanus_hispanica	Platanus hispanica Ten.	Platanus505	PLAOCC	Platanus_occidentalis	Platanus occidentalis L.	Platanus251	POP	Populus	Populus spp.	Populus252	POPALB	Populus_alba	Populus albaÊL.	Populus382	POPBAL	Populus_balsamifera_trichocarpa	Populus balsamifera subsp. trichocarpa (Torr. & Gray ex Hook.) Brayshaw	Populus458	POPCAN	Populus_canescens	Populus canescensÊ(Aiton) Sm.	Populus253	POPNIG	Populus_nigra	Populus nigraÊL.	Populus254	POPTRE	Populus_tremula	Populus tremulaÊL.	Populus255	POPX C	Populus_x_canadensis	Populus x canadensis Moench	Populus263	PRU	Prunus	Prunus spp.	Prunus418	PRUARM	Prunus_armeniaca	Prunus armeniaca?L.	Prunus256	PRUAVI	Prunus_avium	Prunus avium L.	Prunus419	PRUCER	Prunus_cerasifera	Prunus cerasifera?Ehrh.	Prunus420	PRUDOM	Prunus_domestica	Prunus domestica?L.	Prunus474	PRUDUL	Prunus_dulcis	Prunus dulcisÊ(Mill.) D.A.Webb	Prunus257	PRULUS	Prunus_lusitanica	Prunus lusitanica L.	Prunus258	PRUMAH	Prunus_mahaleb	Prunus mahaleb L.	Prunus259	PRUPAD	Prunus_padus	Prunus padus L.	Prunus261	PRUSER	Prunus_serotina	Prunus serotina Ehrh.	Prunus262	PRUSPI	Prunus_spinosa	Prunus spinosa L.	Prunus264	PSEMEN	Pseudotsuga_menziesii	Pseudotsuga menziesii (Mirb.) Franco	Pseudotsuga266	PYR	Pyrus	Pyrus spp.	Pyrus500	PYRAMY	Pyrus_amygdaliformis	Pyrus amygdaliformis Vill.	Pyrus265	PYRCOM	Pyrus_communis	Pyrus communisÊL.	Pyrus521	PYRCOR	Pyrus_cordata	Pyrus cordata L.	Pyrus423	PYRPYR	Pyrus_pyraster	Pyrus pyraster?Burgsd.	Pyrus267	QUE	Quercus	Quercus spp.	Quercus268	QUECAN	Quercus_canariensis	Quercus canariensis Willd.	Quercus269	QUECER	Quercus_cerris	Quercus cerris L.	Quercus271	QUEFAG	Quercus_faginea	Quercus fagineaÊLam.	Quercus425	QUEFRA	Quercus_frainetto	Quercus frainetto?Ten.	Quercus273	QUEILE	Quercus_ilex	Quercus ilexÊL.	Quercus275	QUEPAL	Quercus_palustris	Quercus palustrisÊMŸnchh.	Quercus424	QUEPED	Quercus_pedunculiflora	Quercus pedunculiflora?K.Koch	Quercus276	QUEPET	Quercus_petraea	Quercus petraeaÊ(Matt.) Liebl.	Quercus277	QUEPUB	Quercus_pubescens	Quercus pubescens Willd. (Q. Humilis)	Quercus278	QUEPYR	Quercus_pyrenaica	Quercus pyrenaica Willd.	Quercus279	QUEROB	Quercus_robur	Quercus robur L.	Quercus280	QUERUB	Quercus_rubra	Quercus rubra L.	Quercus281	QUESUB	Quercus_suber	Quercus suberÊL.	Quercus282	RHAALA	Rhamnus_alaternus	Rhamnus alaternusÊL.	Rhamnus283	RHAALP	Rhamnus_alpinus	Rhamnus alpinus L.	Rhamnus426	RHACAT	Rhamnus_catharticus	Rhamnus catharticus?L.	Rhamnus284	RHAGLA	Rhamnus_glandulosa	Rhamnus glandulosa Aiton	Rhamnus428	RHUTYP	Rhus_typhina	Rhus typhina?L.	Rhus296	ROBPSE	Robinia_pseudacacia	Robinia pseudacacia L.	Robinia314	SAL	Salix	Salix spp.	Salix305	SALALB	Salix_alba	Salix albaÊL.	Salix306	SALATR	Salix_atrocinerea	Salix atrocinerea Brot.	Salix307	SALBAB	Salix_babylonica	Salix babylonica L.	Salix308	SALCAN	Salix_canariensis	Salix canariensis Chr.Sm. ex Link	Salix309	SALCANT	Salix_cantabrica	Salix cantabrica Rech.f.	Salix310	SALCAP	Salix_caprea	Salix capreaÊL.	Salix462	SALCIN	Salix_cinerea	Salix cinereaÊL.	Salix501	SALDAP	Salix_daphnoides	Salix daphnoides Vill.	salix311	SALELA	Salix_elaeagnos	Salix elaeagnos Scop.	Salix312	SALFRA	Salix_fragilis	Salix fragilisÊL.	Salix313	SALPUR	Salix_purpurea	Salix purpurea L.	Salix465	SALVIM	Salix_viminalis	Salix viminalisÊL.	Salix315	SAMNIG	Sambucus_nigra	Sambucus nigra L.	Sambucus317	SAMRAC	Sambucus_racemosa	Sambucus racemosa L.	Sambucus466	SEQSEM	Sequoia_sempervirens	Sequoia sempervirensÊ(D.Don) Endl.	Sequoia323	SOPJAP	Sophora_japonica	Sophora japonica L.	Sophora329	SOR	Sorbus	Sorbus spp.	Sorbus324	SORARI	Sorbus_aria	Sorbus aria (L.) Crantz	Sorbus325	SORAUC	Sorbus_aucuparia	Sorbus aucuparia L.	Sorbus327	SORDOM	Sorbus_domestica	Sorbus domestica L.	Sorbus495	SORINT	Sorbus_intermedia	Sorbus intermediaÊ(Ehrh.) Pers.	Sorbus328	SORLAT	Sorbus_latifolia	Sorbus latifoliaÊ(Lam.) Pers.	Sorbus497	SORMOU	Sorbus_mougeotii	Sorbus mougeotiiÊSoy.-Will. & Godr.	Sorbus330	SORTOR	Sorbus_torminalis	Sorbus torminalis (L.) Crantz	Sorbus335	TAM	Tamarix	Tamarix spp.	Tamarix483	TAMAFR	Tamarix_africana	Tamarix africanaÊPoir.	Tamarix502	TAMGAL	Tamarix_gallica	Tamarix gallica L.	Tamarix336	TAXBAC	Taxus_baccata	Taxus baccata L.	Taxus434	TAXDIS	Taxodium_distichum	Taxodium distichum?(L.) Rich.	Taxodium339	THU	Thuja	Thuja spp.	Thuja503	THUPLI	Thuja_plicata	Thuja plicata D.Don	Thuja348	TIL	Tilia	Tilia spp.	Tilia346	TILCOR	Tilia_cordata	Tilia cordataÊMill.	Tilia347	TILPLA	Tilia_platyphyllos	Tilia platyphyllos Scop.	Tilia437	TILTOM	Tilia_tomentosa	Tilia tomentosa?Moench	Tilia522	TILVUL	Tilia_x_vulgaris	Tilia x vulgaris Hayne	Tilia349	TSU	Tsuga	Tsuga spp.	Tsuga468	TSUHET	Tsuga_heterophylla	Tsuga heterophyllaÊ(Raf.) Sarg.	Tsuga353	ULM	Ulmus	Ulmus spp.	Ulmus354	ULMGLA	Ulmus_glabra	Ulmus glabraÊHuds.	Ulmus439	ULMLAE	Ulmus_laevis	Ulmus laevis?Pall.	Ulmus355	ULMMIN	Ulmus_minor	Ulmus minorÊMill.	Ulmus356	ULMPUM	Ulmus_pumila	Ulmus pumila L.	Ulmus362	VISMOC	Visnea_mocanera	Visnea mocanera L.f.	Visnea